frame.time_epoch,ip.src,ip.dst,ip.proto,tcp.dstport
"1774353963.527005288","192.168.56.102","192.168.56.20","1",
"1774353964.530126341","192.168.56.102","192.168.56.20","1",
"1774353965.532550483","192.168.56.102","192.168.56.20","1",
"1774353966.534932878","192.168.56.102","192.168.56.20","1",
"1774353966.675397427",,,,
"1774353967.537976268","192.168.56.102","192.168.56.20","1",
"1774353968.539965772","192.168.56.102","192.168.56.20","1",
"1774353969.542790188","192.168.56.102","192.168.56.20","1",
"1774353970.546676128","192.168.56.102","192.168.56.20","1",
"1774353971.548028372","192.168.56.102","192.168.56.20","1",
"1774353972.553001985","192.168.56.102","192.168.56.20","1",
"1774353973.554074113","192.168.56.102","192.168.56.20","1",
"1774353974.554882032","192.168.56.102","192.168.56.20","1",
"1774353975.559007533","192.168.56.102","192.168.56.20","1",
"1774353976.562095319","192.168.56.102","192.168.56.20","1",
"1774353977.566620272","192.168.56.102","192.168.56.20","1",
"1774353978.570788801","192.168.56.102","192.168.56.20","1",
"1774353979.571075322","192.168.56.102","192.168.56.20","1",
"1774353980.574476511","192.168.56.102","192.168.56.20","1",
"1774353981.579396899","192.168.56.102","192.168.56.20","1",
"1774353982.581241504","192.168.56.102","192.168.56.20","1",
"1774353983.587416991","192.168.56.102","192.168.56.20","1",
"1774353984.588120335","192.168.56.102","192.168.56.20","1",
"1774353985.592260312","192.168.56.102","192.168.56.20","1",
"1774353986.595918602","192.168.56.102","192.168.56.20","1",
"1774353986.741276839",,,,
"1774353987.599693628","192.168.56.102","192.168.56.20","1",
"1774353988.602349875","192.168.56.102","192.168.56.20","1",
"1774353989.603735877","192.168.56.102","192.168.56.20","1",
"1774353990.607376805","192.168.56.102","192.168.56.20","1",
"1774353991.610029176","192.168.56.102","192.168.56.20","1",
"1774353992.613001548","192.168.56.102","192.168.56.20","1",
"1774353993.620689195","192.168.56.102","192.168.56.20","1",
"1774353994.619766354","192.168.56.102","192.168.56.20","1",
"1774353995.622502889","192.168.56.102","192.168.56.20","1",
"1774353996.625143390","192.168.56.102","192.168.56.20","1",
"1774353997.630900688","192.168.56.102","192.168.56.20","1",
"1774353998.633367614","192.168.56.102","192.168.56.20","1",
"1774353999.638339037","192.168.56.102","192.168.56.20","1",
"1774354000.641280606","192.168.56.102","192.168.56.20","1",
"1774354001.643952675","192.168.56.102","192.168.56.20","1",
"1774354002.647436732","192.168.56.102","192.168.56.20","1",
"1774354003.650359661","192.168.56.102","192.168.56.20","1",
"1774354003.814546325",,,,
"1774354004.679191228","192.168.56.102","192.168.56.20","1",
"1774354005.681879517","192.168.56.102","192.168.56.20","1",
"1774354006.686278096","192.168.56.102","192.168.56.20","1",
"1774354007.686841927","192.168.56.102","192.168.56.20","1",
"1774354008.691326942","192.168.56.102","192.168.56.20","1",
"1774354009.694223990","192.168.56.102","192.168.56.20","1",
"1774354010.697826284","192.168.56.102","192.168.56.20","1",
"1774354010.804472952",,,,
"1774354020.757117129","192.168.56.102","192.168.56.20","6","22"
"1774354020.758984522","192.168.56.102","192.168.56.20","6","22"
"1774354020.759537858","192.168.56.102","192.168.56.20","6","22"
"1774354021.035252514","192.168.56.102","192.168.56.20","6","22"
"1774354021.035253002","192.168.56.102","192.168.56.20","6","22"
"1774354021.171880639","192.168.56.102","192.168.56.20","6","22"
"1774354021.186680478","192.168.56.102","192.168.56.20","6","22"
"1774354021.231648426","192.168.56.102","192.168.56.20","6","22"
"1774354021.233435589","192.168.56.102","192.168.56.20","6","22"
"1774354021.274049870","192.168.56.102","192.168.56.20","6","22"
"1774354021.274050472","192.168.56.102","192.168.56.20","6","22"
"1774354021.299092464","192.168.56.102","192.168.56.20","6","22"
"1774354021.378538341","192.168.56.102","192.168.56.20","6","22"
"1774354021.500819336","192.168.56.102","192.168.56.20","6","22"
"1774354021.503173992","192.168.56.102","192.168.56.20","6","22"
"1774354021.503174517","192.168.56.102","192.168.56.20","6","22"
"1774354021.588646925","192.168.56.102","192.168.56.20","6","22"
"1774354021.592080988","192.168.56.102","192.168.56.20","6","22"
"1774354021.634979453","192.168.56.102","192.168.56.20","6","22"
"1774354021.652097377","192.168.56.102","192.168.56.20","6","22"
"1774354021.703782962","192.168.56.102","192.168.56.20","6","22"
"1774354021.707565548","192.168.56.102","192.168.56.20","6","22"
"1774354021.838852681","192.168.56.102","192.168.56.20","6","22"
"1774354024.772549788","192.168.56.102","192.168.56.20","6","22"
"1774354024.782221131","192.168.56.102","192.168.56.20","6","22"
